year,kind,report_code,rcept_no,report_name,report_url,source_method,revenue,gross_profit,sga,operating_income,pretax_income,net_income,controlling_net_income,assets,cash,receivables,inventory,ppe,liabilities,equity,current_assets,current_liabilities,short_borrowings,long_borrowings,interest_expense,cfo,cfi,cff,capex_ppe,capex_intangible,period_label,period_order,period
2010,q1,11013,20100514003048,분기보고서 (2010.03),https://dart.fss.or.kr/dsaf001/main.do?rcpNo=20100514003048,DART original report heuristic,,,,,,,,,,,,,,,,,,,,,,,,,Q1,1,Q1
2010,half_year,11012,20100813000942,반기보고서 (2010.06),https://dart.fss.or.kr/dsaf001/main.do?rcpNo=20100813000942,DART original report heuristic,,,,,,,,,,,,,,,,,,,,,,,,,H1,2,H1
2010,q3,11014,20101115000258,분기보고서 (2010.09),https://dart.fss.or.kr/dsaf001/main.do?rcpNo=20101115000258,DART original report heuristic,,,,,,,,,,,,,,,,,,,,,,,,,Q3,3,Q3
2010,annual,11011,20110330000920,[첨부추가]사업보고서 (2010.12),https://dart.fss.or.kr/dsaf001/main.do?rcpNo=20110330000920,DART original report heuristic,,,,,,,,,,,,,,,,,,,,,,,,,FY,4,FY
2011,q1,11013,20110516003608,분기보고서 (2011.03),https://dart.fss.or.kr/dsaf001/main.do?rcpNo=20110516003608,DART original report heuristic,,,,,,,,,,,,,,,,,,,,,,,,,Q1,1,Q1
2011,half_year,11012,20110812000644,반기보고서 (2011.06),https://dart.fss.or.kr/dsaf001/main.do?rcpNo=20110812000644,DART original report heuristic,,,,,,,,,,,,,,,,,,,,,,,,,H1,2,H1
2011,q3,11014,20111114000223,분기보고서 (2011.09),https://dart.fss.or.kr/dsaf001/main.do?rcpNo=20111114000223,DART original report heuristic,,,,,,,,,,,,,,,,,,,,,,,,,Q3,3,Q3
2011,annual,11011,20120330002618,사업보고서 (2011.12),https://dart.fss.or.kr/dsaf001/main.do?rcpNo=20120330002618,DART original report heuristic,,,,,,,,,,,,,,,,,,,,,,,,,FY,4,FY
2012,q1,11013,20120515000402,분기보고서 (2012.03),https://dart.fss.or.kr/dsaf001/main.do?rcpNo=20120515000402,DART original report heuristic,,,,,,,,,,,,,,,,,,,,,,,,,Q1,1,Q1
2012,half_year,11012,20120814000155,반기보고서 (2012.06),https://dart.fss.or.kr/dsaf001/main.do?rcpNo=20120814000155,DART original report heuristic,,,,,,,,,,,,,,,,,,,,,,,,,H1,2,H1
2012,q3,11014,20121114000794,분기보고서 (2012.09),https://dart.fss.or.kr/dsaf001/main.do?rcpNo=20121114000794,DART original report heuristic,,,,,,,,,,,,,,,,,,,,,,,,,Q3,3,Q3
2012,annual,11011,20130329002008,사업보고서 (2012.12),https://dart.fss.or.kr/dsaf001/main.do?rcpNo=20130329002008,DART original report heuristic,,,,,,,,,,,,,,,,,,,,,,,,,FY,4,FY
2013,q1,11013,20130530000047,분기보고서 (2013.03),https://dart.fss.or.kr/dsaf001/main.do?rcpNo=20130530000047,DART original report heuristic,,,,,,,,,,,,,,,,,,,,,,,,,Q1,1,Q1
2013,half_year,11012,20130829000062,반기보고서 (2013.06),https://dart.fss.or.kr/dsaf001/main.do?rcpNo=20130829000062,DART original report heuristic,,,,,,,,,,,,,,,,,,,,,,,,,H1,2,H1
2013,q3,11014,20131128000536,분기보고서 (2013.09),https://dart.fss.or.kr/dsaf001/main.do?rcpNo=20131128000536,DART original report heuristic,,,,,,,,,,,,,,,,,,,,,,,,,Q3,3,Q3
2013,annual,11011,20140331002387,사업보고서 (2013.12),https://dart.fss.or.kr/dsaf001/main.do?rcpNo=20140331002387,DART original report heuristic,,,,,,,,,,,,,,,,,,,,,,,,,FY,4,FY
2014,q1,11013,20140530000195,분기보고서 (2014.03),https://dart.fss.or.kr/dsaf001/main.do?rcpNo=20140530000195,DART original report heuristic,,,,,,,,,,,,,,,,,,,,,,,,,Q1,1,Q1
2014,half_year,11012,20140829000680,반기보고서 (2014.06),https://dart.fss.or.kr/dsaf001/main.do?rcpNo=20140829000680,DART original report heuristic,,,,,,,,,,,,,,,,,,,,,,,,,H1,2,H1
2014,q3,11014,20141128001790,분기보고서 (2014.09),https://dart.fss.or.kr/dsaf001/main.do?rcpNo=20141128001790,DART original report heuristic,,,,,,,,,,,,,,,,,,,,,,,,,Q3,3,Q3
2014,annual,11011,20150331002760,사업보고서 (2014.12),https://dart.fss.or.kr/dsaf001/main.do?rcpNo=20150331002760,DART original report heuristic,,,,,,,,,,,,,,,,,,,,,,,,,FY,4,FY
2015,annual,11011,,,,OpenDART XBRL API,1128731291653.0,340668824163.0,215815901195.0,85837373726.0,168349183843.0,126046994757.0,,1880328618143.0,221805288143.0,214159391257.0,242348899669.0,307828551099.0,516388705748.0,1363939912395.0,959383641681.0,356631230430.0,63100000000.0,86000000000.0,4365715741.0,126234690907.0,-117792543120.0,57387807290.0,81261626172.0,-2013445093.0,FY,4,FY
2016,q1,11013,,,,OpenDART XBRL API,276477838852.0,83046434778.0,51390195293.0,19906837518.0,65755329350.0,51271849285.0,,1923240019455.0,230325388000.0,202983783700.0,267354645488.0,327424005341.0,527998678651.0,1395241340804.0,988320313779.0,305951971826.0,66100000000.0,138400000000.0,4377293394.0,-28763903084.0,6293488973.0,32452701100.0,32110627376.0,-1176108445.0,Q1,1,Q1
2016,half_year,11012,,,,OpenDART XBRL API,332742589721.0,100642164855.0,63901015627.0,24624138723.0,45053631681.0,34077758683.0,,2033773820839.0,273598873865.0,220893274507.0,276803668944.0,336526571175.0,600143451593.0,1433630369246.0,1049303192303.0,368278611132.0,56100000000.0,138400000000.0,2702385360.0,51849145462.0,-22048245541.0,22354490600.0,29829714682.0,-1685003316.0,H1,2,H1
2016,q3,11014,,,,OpenDART XBRL API,29078372845.0,614913510.0,-1717011388.0,613105346.0,-14973121176.0,-10001033453.0,,2039382743929.0,277867876477.0,257048740726.0,281541568104.0,335566013552.0,581414148207.0,1457968595722.0,1022262579259.0,353382338194.0,51100000000.0,145500000000.0,7976809209.0,-4974087318.0,11752912703.0,2100000000.0,64142816201.0,3089993647.0,Q3,3,Q3
2016,annual,11011,,,,OpenDART XBRL API,1320797335286.0,389441480458.0,238981918807.0,97793027286.0,204892402117.0,161248743738.0,,2045941041016.0,244854557115.0,235586779277.0,310649129347.0,333946657459.0,549388685975.0,1496552355041.0,1048340402939.0,324433493084.0,51100000000.0,140250000000.0,9866375283.0,74144086537.0,-77140923699.0,23295432700.0,80076251469.0,4548899829.0,FY,4,FY
2017,q1,11013,,,,OpenDART XBRL API,351198923241.0,109312751388.0,57279837522.0,35515797502.0,39173971753.0,29542609608.0,,2059332581812.0,294863484785.0,235219595944.0,306600029673.0,330168562224.0,557292845065.0,1502039736747.0,1082821928494.0,331216716510.0,46100000000.0,140250000000.0,7702605575.0,39316279083.0,21815606426.0,-7034580200.0,6861020260.0,1976003720.0,Q1,1,Q1
2017,half_year,11012,,,,OpenDART XBRL API,355059623054.0,109664028188.0,73630879454.0,20742346251.0,43165365564.0,32361377158.0,,2050952120992.0,263514351820.0,242726274519.0,303734858656.0,335748155017.0,515068348918.0,1535883772074.0,1055759134202.0,278888013492.0,4020000000.0,140861111105.0,2238381111.0,112789822560.0,-20330288244.0,-72904275155.0,22363530285.0,2049658569.0,H1,2,H1
2017,q3,11014,,,,OpenDART XBRL API,23674588701.0,-4091259141.0,-6795315963.0,1230614804.0,-6001923470.0,-5899713731.0,,2066701112063.0,241389770128.0,266352994670.0,314840891699.0,343473544258.0,506054082582.0,1560647029481.0,1087384522451.0,284517961220.0,1990000000.0,140861111105.0,1833937201.0,-23824433670.0,4265061757.0,-3773055555.0,37166237164.0,2225390637.0,Q3,3,Q3
2017,annual,11011,,,,OpenDART XBRL API,1462248030140.0,424624118929.0,264479687896.0,88709620146.0,144920491811.0,109636658758.0,,2094673423815.0,256607486669.0,283714873637.0,271183981240.0,355412428909.0,488348428333.0,1606324995482.0,1069512906257.0,276313677284.0,3186140739.0,115338888885.0,13655727842.0,126125107517.0,-42241166896.0,-68172689631.0,56772073882.0,3138458472.0,FY,4,FY
2018,q1,11013,,,,OpenDART XBRL API,339821145471.0,101816409304.0,60937988903.0,25663951418.0,32380695761.0,21161852883.0,,2143300952982.0,231753424598.0,265163936371.0,333115240674.0,343228528155.0,542433036243.0,1600867916739.0,1152175664170.0,321772820078.0,1330000000.0,115338888885.0,1718311613.0,25350681251.0,-12704564995.0,-37446058624.0,11511893087.0,24029535.0,Q1,1,Q1
2018,half_year,11012,,,,OpenDART XBRL API,386223106744.0,108985107797.0,74652781918.0,16610604056.0,27885106406.0,16552629242.0,,2164063290117.0,242443159584.0,281412966394.0,306851081726.0,339544502616.0,543108133168.0,1620955156949.0,1155839915950.0,318602757252.0,1300000000.0,115338888885.0,1131264846.0,94252199588.0,-69795828000.0,-39558061029.0,21857949572.0,1291100817.0,H1,2,H1
2018,q3,11014,,,,OpenDART XBRL API,-7616752493.0,-12485553386.0,-723021958.0,-16458820904.0,-12140611059.0,32057058425.0,,2150315728890.0,244599268886.0,307368103503.0,298188624930.0,342664579158.0,520136942243.0,1630178786647.0,1118217996654.0,304350234200.0,1300000000.0,117284388885.0,1718278908.0,-22838539554.0,31331942382.0,-5928722377.0,32516623532.0,2174707623.0,Q3,3,Q3
2018,annual,11011,,,,OpenDART XBRL API,1518822858428.0,413792023679.0,289598582754.0,50126443053.0,89391012820.0,58334962324.0,,2173812633315.0,241296082668.0,343186494375.0,248860494097.0,343307338273.0,522077129723.0,1651735503592.0,1110961782607.0,349712424558.0,1300000000.0,70212166665.0,5177118471.0,93451633128.0,-58150584583.0,-51378903961.0,46001314577.0,2594295782.0,FY,4,FY
2019,q1,11013,,,,OpenDART XBRL API,344952534874.0,103262558799.0,74873002996.0,6089798210.0,23275196444.0,15658205382.0,,2243471368346.0,254385250231.0,336563274212.0,254295484816.0,338566296321.0,598384772784.0,1645086595562.0,1188730707321.0,416095795873.0,19300000000.0,70212166665.0,940982446.0,88626261567.0,-40719470419.0,-36090271392.0,10632338043.0,354087106.0,Q1,1,Q1
2019,half_year,11012,,,,OpenDART XBRL API,359398622867.0,98933766236.0,81127633954.0,-5415387369.0,10684294658.0,5690447409.0,,2103742340052.0,202297164571.0,342512023904.0,254062382161.0,334348500817.0,461857477329.0,1641884862723.0,1056857279587.0,267854165059.0,19000000000.0,70162366665.0,1420392582.0,2132666599.0,513804529.0,-43380194033.0,19715280388.0,825570334.0,H1,2,H1
2019,q3,11014,,,,OpenDART XBRL API,22859525066.0,6174865854.0,23881469.0,8760433844.0,7615497167.0,6867507594.0,,2134519728715.0,262624954350.0,361493377515.0,223340579759.0,336992119413.0,485989793465.0,1648529935250.0,1126063411848.0,314730455603.0,19000000000.0,70154866665.0,1658771161.0,47243621052.0,20536623136.0,-9289100405.0,33991072407.0,1259181770.0,Q3,3,Q3
2019,annual,11011,,,,OpenDART XBRL API,1480353606936.0,430851173630.0,321415785699.0,12535759291.0,54919633069.0,36612325771.0,,2117200258200.0,274215080262.0,397149391682.0,186909878134.0,327499212721.0,467208886676.0,1649991371524.0,1116950744221.0,352226653761.0,15000000000.0,44250000000.0,5559537807.0,65985413049.0,31604784191.0,-67011508111.0,42763093594.0,3971865642.0,FY,4,FY
2020,q1,11013,,,,OpenDART XBRL API,313276059812.0,91366405464.0,68628380662.0,1073681544.0,157661075025.0,115356769040.0,,2252413690729.0,494522755107.0,351832798341.0,227857268920.0,322032233286.0,518664129729.0,1733749561000.0,1253369445381.0,398992076504.0,17500000000.0,44438000000.0,969212933.0,35635548412.0,189180299233.0,-7244779381.0,8219282618.0,1377250350.0,Q1,1,Q1
2020,half_year,11012,,,,OpenDART XBRL API,415486495797.0,153558732142.0,81586927765.0,35657001526.0,47669529008.0,34302047893.0,,2383038537950.0,548287565036.0,377862490365.0,254125259468.0,316062566742.0,586457991856.0,1796580546094.0,1331558990917.0,462118149732.0,32500000000.0,45025857000.0,4408083099.0,72734080454.0,220038286202.0,-17622090374.0,15619767795.0,2938608982.0,H1,2,H1
2020,q3,11014,,,,OpenDART XBRL API,14194389285.0,-17266323908.0,-939978908.0,-15285735490.0,-14184122600.0,-5492807453.0,,2395277094944.0,438010727730.0,413800106473.0,251846709479.0,331100876088.0,537865296356.0,1857411798588.0,1249314831206.0,372046586041.0,36000000000.0,67250000000.0,5033175316.0,-48770820215.0,-76453484613.0,19010492442.0,43426347348.0,4224065379.0,Q3,3,Q3
2020,annual,11011,,,,OpenDART XBRL API,1619865302675.0,558422517544.0,331533797570.0,84255098219.0,239891953125.0,190401937316.0,,2393522100926.0,353490296919.0,442703668871.0,251985113922.0,325882777381.0,547019907073.0,1846502193853.0,1195516580490.0,382174655875.0,48500000000.0,46774999974.0,23148442862.0,28830248876.0,57594896794.0,11687628908.0,51452945318.0,39723768630.0,FY,4,FY
2021,q1,11013,,,,OpenDART XBRL API,379033991821.0,114973959737.0,80985912930.0,13900978641.0,26700198911.0,20114280650.0,,2512009105726.0,482195215379.0,400683549039.0,270092186470.0,322376068285.0,650624662995.0,1861384442731.0,1280405653130.0,473209767868.0,58000000000.0,48774999974.0,911059064.0,132433682555.0,-17297509906.0,4560911834.0,9044232065.0,9009695391.0,Q1,1,Q1
2021,half_year,11012,,,,OpenDART XBRL API,433338112038.0,141146896840.0,93693768018.0,23427315378.0,43390431418.0,33220936937.0,,2456426677144.0,180775513577.0,425586898341.0,272999013616.0,326380279869.0,567226071819.0,1889200605325.0,1213528458499.0,384883207094.0,61500000000.0,50174999974.0,4284627576.0,60121659376.0,-220109122631.0,-18708597864.0,21039764205.0,16498695220.0,H1,2,H1
2021,q3,11014,,,,OpenDART XBRL API,18129323088.0,-8390141932.0,5013105842.0,-16911575620.0,-6986774348.0,-3152586591.0,,2458062644746.0,198006890680.0,454014069253.0,260016695125.0,340997523552.0,547750039272.0,1910312605474.0,1206172164809.0,386008075280.0,64000000000.0,47174999974.0,2301020227.0,-1432977391.0,33712067057.0,-13472307486.0,34190398111.0,26657953093.0,Q3,3,Q3
2021,annual,11011,,,,OpenDART XBRL API,1687810317744.0,524650529278.0,369377397565.0,48596120264.0,126060737101.0,99126677873.0,,2463811804950.0,253587520811.0,461094533519.0,274780428440.0,331181630724.0,527922717347.0,1935889087603.0,1224097103095.0,431979507891.0,69000000000.0,28124999982.0,3571600952.0,99000468381.0,-167143273861.0,-36533134783.0,46150996270.0,35723838021.0,FY,4,FY
2022,q1,11013,,,,OpenDART XBRL API,410853261385.0,115832359949.0,88213342579.0,6101960508.0,28318027217.0,16069140855.0,,2481095013069.0,206134578744.0,469193870974.0,281583747203.0,330865963853.0,569490665921.0,1911604347148.0,1353238514152.0,478428045112.0,69000000000.0,27624999982.0,1046277177.0,35415734987.0,-51877419543.0,-32038435178.0,7421015755.0,7886736082.0,Q1,1,Q1
2022,half_year,11012,,,,OpenDART XBRL API,482953244262.0,145439557709.0,99718066556.0,16936587207.0,43427779694.0,32928642120.0,,2458381747840.0,194548849572.0,496384301421.0,279523005470.0,337878025891.0,523248858415.0,1935132889425.0,1317015943204.0,440446278235.0,69000000000.0,17624999982.0,5573356206.0,107147932133.0,-125378577787.0,-37345640606.0,21093301895.0,15934720928.0,H1,2,H1
2022,q3,11014,,,,OpenDART XBRL API,-51415078384.0,-24679891756.0,-5493727959.0,-21474132280.0,-21645026324.0,-27388873638.0,,2417266761360.0,213745004160.0,483357095860.0,274992511932.0,349286411217.0,478855975398.0,1938410785962.0,1238131620961.0,419816941884.0,69120000000.0,1124999982.0,-2253792246.0,-35455266432.0,67249436978.0,-16916271876.0,42314486579.0,27152555799.0,Q3,3,Q3
2022,annual,11011,,,,OpenDART XBRL API,1775846942745.0,518201541933.0,375069317559.0,36028967211.0,94926373488.0,90592526174.0,,2472728072149.0,293036245029.0,496683358416.0,275215897889.0,354992804093.0,464921702703.0,2007806369446.0,1188897717371.0,434154259039.0,64120000000.0,624999990.0,17227654806.0,99528971405.0,15621384581.0,-65541959310.0,58295289340.0,36083021141.0,FY,4,FY
2023,q1,11013,,,,OpenDART XBRL API,443047818557.0,135564503002.0,86695087902.0,22630010546.0,35805762630.0,22278211541.0,,2489870074297.0,322717244089.0,489009395835.0,276712679462.0,378670613497.0,494289258154.0,1995580816143.0,1204330991598.0,445654219357.0,64000000000.0,16624999990.0,3497900277.0,42791269078.0,-21184276243.0,4500614700.0,33678437555.0,5310374150.0,Q1,1,Q1
2023,half_year,11012,,,,OpenDART XBRL API,495722476266.0,152819651049.0,94440352875.0,27296041160.0,13743785043.0,8596769396.0,,2505723795923.0,252523236146.0,541152567651.0,263903029091.0,401188431856.0,521821538976.0,1983902256947.0,1162655701594.0,430843949245.0,69000000000.0,28000000000.0,3659532541.0,56590705040.0,-84331588769.0,-12078544106.0,64464886015.0,14626613033.0,H1,2,H1
2023,q3,11014,,,,OpenDART XBRL API,-12659032586.0,-8325737348.0,14866484521.0,-26412785845.0,5569510051.0,10418544185.0,,2667618379379.0,273030971146.0,562423927503.0,279427155871.0,478307535901.0,635532630895.0,2032085748484.0,1231993801308.0,529955722758.0,126180000000.0,33062860000.0,3663569006.0,28874196888.0,-59397855675.0,48150049867.0,121465098247.0,18883822170.0,Q3,3,Q3
2023,annual,11011,,,,OpenDART XBRL API,1858983759666.0,565863818159.0,389183992435.0,56759795062.0,134539950501.0,134031517424.0,,2814070521926.0,299257957184.0,558981117083.0,284758946262.0,522912726118.0,712337878463.0,2101732643463.0,1256459307871.0,583192369256.0,128227000000.0,60233761713.0,15951253526.0,144128102312.0,-199229339280.0,63246788249.0,161479680076.0,42575536652.0,FY,4,FY
2024,q1,11013,,,,OpenDART XBRL API,444593457592.0,134507934394.0,96636081736.0,577136746.0,14940561757.0,10811693128.0,,2801252649023.0,261790170013.0,540835042776.0,301103589175.0,532132871415.0,712583970874.0,2088668678149.0,1244630361254.0,562112382439.0,131227000000.0,78650761713.0,3255821353.0,8677351495.0,-44414198111.0,-2853121463.0,23269050488.0,2501221146.0,Q1,1,Q1
2024,half_year,11012,,,,OpenDART XBRL API,528312352203.0,167389934556.0,101820212486.0,18542379417.0,39165580005.0,31912289535.0,,2885723676081.0,279055335976.0,607354705410.0,305357077987.0,543077425491.0,770578105499.0,2115145570582.0,1320919748361.0,648644135182.0,146227000000.0,81850761713.0,3796529013.0,12879543262.0,-48241353841.0,14700154057.0,45782555243.0,4959384020.0,H1,2,H1
2024,q3,11014,,,,OpenDART XBRL API,70472551914.0,73409991836.0,6316071429.0,29035595006.0,10614820734.0,3629582916.0,,2925744394072.0,229854709595.0,667946677617.0,290009951540.0,586674664682.0,751180103283.0,2174564290789.0,1309597402477.0,570483534570.0,131660833786.0,111082161713.0,9340741015.0,-11812678353.0,-50047076228.0,13595778866.0,81691066696.0,7925365736.0,Q3,3,Q3
2024,annual,11011,,,,OpenDART XBRL API,2067791451854.0,689386389746.0,409747875337.0,54880319609.0,61431869918.0,55163455235.0,,2942048836634.0,306475668968.0,609128137239.0,343155941089.0,598147315144.0,791378826075.0,2150670010559.0,1360261256866.0,619136487792.0,168002600000.0,105245970000.0,19397356560.0,54601585042.0,-117369101419.0,65836367691.0,117078952653.0,16836782711.0,FY,4,FY
2025,q1,11013,,,,OpenDART XBRL API,491563987277.0,148664977210.0,94606991293.0,6419671960.0,14996945604.0,10008638224.0,,2990618974058.0,335404799991.0,590060553975.0,388169610977.0,621106200151.0,868501166171.0,2122117807887.0,1426426214740.0,693398941314.0,227975900000.0,105245970000.0,6182484902.0,4917666364.0,-35206907366.0,58788538257.0,20454597153.0,8734359685.0,Q1,1,Q1
2025,half_year,11012,,,,OpenDART XBRL API,578987017426.0,199229614058.0,101265957917.0,49861015710.0,51586299165.0,44001163318.0,,3038979185660.0,332449564852.0,648276082829.0,377823173459.0,631917407863.0,824342028929.0,2214637156731.0,1454880948966.0,645242085304.0,197899200000.0,119445970000.0,11164245860.0,21674503575.0,-31639717907.0,37101624007.0,42417208336.0,13562923703.0,H1,2,H1
2025,q3,11014,,,,OpenDART XBRL API,-8973439409.0,-30351940861.0,-338684974.0,-27847196969.0,-16404121037.0,-22831352285.0,,3052991689275.0,356851346065.0,656483871118.0,337718190526.0,643257887484.0,836226252416.0,2216765436859.0,1456142177758.0,678953303428.0,197872500000.0,103445970000.0,3269181477.0,76855681671.0,-27536281891.0,-26379335056.0,67218682423.0,17576016399.0,Q3,3,Q3
2025,annual,11011,,,,OpenDART XBRL API,2186637586358.0,729917895501.0,405829356345.0,104374493823.0,222674522488.0,185318996567.0,,3220925833989.0,348564938250.0,694441735093.0,372764189868.0,638692432969.0,858641498243.0,2362284335746.0,1511630227301.0,733553439318.0,199841800000.0,71116500000.0,25496755496.0,106227395422.0,-70953767257.0,8043658039.0,99601135225.0,34875885668.0,FY,4,FY
2026,q1,11013,,,,OpenDART XBRL API,526779877219.0,149371554609.0,93318386214.0,8815193577.0,28760313613.0,23367403399.0,,3276953837886.0,388913498668.0,639913399749.0,437746328201.0,648855613734.0,936708861300.0,2340244976586.0,1601281650018.0,788488830436.0,200815100000.0,91116500000.0,5221559252.0,37151310749.0,-17823416598.0,17499212810.0,21340934326.0,3508839990.0,Q1,1,Q1
2026,half_year,11012,,,,OpenDART XBRL API,639451698310.0,227964341019.0,100979836236.0,66869135267.0,88374053230.0,68044447035.0,,3330275529266.0,427947466526.0,680950673651.0,419982315863.0,702641138478.0,859282491141.0,2470993038125.0,1616323867814.0,712800925107.0,201868400000.0,88916500000.0,5426072185.0,81110007587.0,-35099712097.0,32320558319.0,81528031989.0,6462691910.0,H1,2,H1
