year,kind,rcept_no,report_name,report_url,source_method
2010,q1,20100514003048,분기보고서 (2010.03),https://dart.fss.or.kr/dsaf001/main.do?rcpNo=20100514003048,DART original report heuristic
2010,half_year,20100813000942,반기보고서 (2010.06),https://dart.fss.or.kr/dsaf001/main.do?rcpNo=20100813000942,DART original report heuristic
2010,q3,20101115000258,분기보고서 (2010.09),https://dart.fss.or.kr/dsaf001/main.do?rcpNo=20101115000258,DART original report heuristic
2010,annual,20110330000920,[첨부추가]사업보고서 (2010.12),https://dart.fss.or.kr/dsaf001/main.do?rcpNo=20110330000920,DART original report heuristic
2011,q1,20110516003608,분기보고서 (2011.03),https://dart.fss.or.kr/dsaf001/main.do?rcpNo=20110516003608,DART original report heuristic
2011,half_year,20110812000644,반기보고서 (2011.06),https://dart.fss.or.kr/dsaf001/main.do?rcpNo=20110812000644,DART original report heuristic
2011,q3,20111114000223,분기보고서 (2011.09),https://dart.fss.or.kr/dsaf001/main.do?rcpNo=20111114000223,DART original report heuristic
2011,annual,20120330002618,사업보고서 (2011.12),https://dart.fss.or.kr/dsaf001/main.do?rcpNo=20120330002618,DART original report heuristic
2012,q1,20120515000402,분기보고서 (2012.03),https://dart.fss.or.kr/dsaf001/main.do?rcpNo=20120515000402,DART original report heuristic
2012,half_year,20120814000155,반기보고서 (2012.06),https://dart.fss.or.kr/dsaf001/main.do?rcpNo=20120814000155,DART original report heuristic
2012,q3,20121114000794,분기보고서 (2012.09),https://dart.fss.or.kr/dsaf001/main.do?rcpNo=20121114000794,DART original report heuristic
2012,annual,20130329002008,사업보고서 (2012.12),https://dart.fss.or.kr/dsaf001/main.do?rcpNo=20130329002008,DART original report heuristic
2013,q1,20130530000047,분기보고서 (2013.03),https://dart.fss.or.kr/dsaf001/main.do?rcpNo=20130530000047,DART original report heuristic
2013,half_year,20130829000062,반기보고서 (2013.06),https://dart.fss.or.kr/dsaf001/main.do?rcpNo=20130829000062,DART original report heuristic
2013,q3,20131128000536,분기보고서 (2013.09),https://dart.fss.or.kr/dsaf001/main.do?rcpNo=20131128000536,DART original report heuristic
2013,annual,20140331002387,사업보고서 (2013.12),https://dart.fss.or.kr/dsaf001/main.do?rcpNo=20140331002387,DART original report heuristic
2014,q1,20140530000195,분기보고서 (2014.03),https://dart.fss.or.kr/dsaf001/main.do?rcpNo=20140530000195,DART original report heuristic
2014,half_year,20140829000680,반기보고서 (2014.06),https://dart.fss.or.kr/dsaf001/main.do?rcpNo=20140829000680,DART original report heuristic
2014,q3,20141128001790,분기보고서 (2014.09),https://dart.fss.or.kr/dsaf001/main.do?rcpNo=20141128001790,DART original report heuristic
2014,annual,20150331002760,사업보고서 (2014.12),https://dart.fss.or.kr/dsaf001/main.do?rcpNo=20150331002760,DART original report heuristic
2015,annual,,,,OpenDART XBRL API
2016,q1,,,,OpenDART XBRL API
2016,half_year,,,,OpenDART XBRL API
2016,q3,,,,OpenDART XBRL API
2016,annual,,,,OpenDART XBRL API
2017,q1,,,,OpenDART XBRL API
2017,half_year,,,,OpenDART XBRL API
2017,q3,,,,OpenDART XBRL API
2017,annual,,,,OpenDART XBRL API
2018,q1,,,,OpenDART XBRL API
2018,half_year,,,,OpenDART XBRL API
2018,q3,,,,OpenDART XBRL API
2018,annual,,,,OpenDART XBRL API
2019,q1,,,,OpenDART XBRL API
2019,half_year,,,,OpenDART XBRL API
2019,q3,,,,OpenDART XBRL API
2019,annual,,,,OpenDART XBRL API
2020,q1,,,,OpenDART XBRL API
2020,half_year,,,,OpenDART XBRL API
2020,q3,,,,OpenDART XBRL API
2020,annual,,,,OpenDART XBRL API
2021,q1,,,,OpenDART XBRL API
2021,half_year,,,,OpenDART XBRL API
2021,q3,,,,OpenDART XBRL API
2021,annual,,,,OpenDART XBRL API
2022,q1,,,,OpenDART XBRL API
2022,half_year,,,,OpenDART XBRL API
2022,q3,,,,OpenDART XBRL API
2022,annual,,,,OpenDART XBRL API
2023,q1,,,,OpenDART XBRL API
2023,half_year,,,,OpenDART XBRL API
2023,q3,,,,OpenDART XBRL API
2023,annual,,,,OpenDART XBRL API
2024,q1,,,,OpenDART XBRL API
2024,half_year,,,,OpenDART XBRL API
2024,q3,,,,OpenDART XBRL API
2024,annual,,,,OpenDART XBRL API
2025,q1,,,,OpenDART XBRL API
2025,half_year,,,,OpenDART XBRL API
2025,q3,,,,OpenDART XBRL API
2025,annual,,,,OpenDART XBRL API
2026,q1,,,,OpenDART XBRL API
2026,half_year,,,,OpenDART XBRL API
