year,kind,report_code,rcept_no,report_name,report_url,source_method,revenue,gross_profit,sga,operating_income,pretax_income,net_income,controlling_net_income,assets,cash,receivables,inventory,ppe,liabilities,equity,current_assets,current_liabilities,short_borrowings,long_borrowings,interest_expense,cfo,cfi,cff,capex_ppe,capex_intangible,period_label,period_order,period,gross_margin,operating_margin,net_margin,current_ratio,debt_ratio,equity_ratio,debt_to_assets,interest_bearing_debt,net_debt,interest_coverage,fcf,cfo_to_net_income,revenue_growth,roa,roe,asset_turnover
2010,q1,11013,20100514003048,분기보고서 (2010.03),https://dart.fss.or.kr/dsaf001/main.do?rcpNo=20100514003048,DART original report heuristic,,,,,,,,,,,,,,,,,,,,,,,,,Q1,1,Q1,,,,,,,,0.0,,,,,,,,
2010,half_year,11012,20100813000942,반기보고서 (2010.06),https://dart.fss.or.kr/dsaf001/main.do?rcpNo=20100813000942,DART original report heuristic,,,,,,,,,,,,,,,,,,,,,,,,,H1,2,H1,,,,,,,,0.0,,,,,,,,
2010,q3,11014,20101115000258,분기보고서 (2010.09),https://dart.fss.or.kr/dsaf001/main.do?rcpNo=20101115000258,DART original report heuristic,,,,,,,,,,,,,,,,,,,,,,,,,Q3,3,Q3,,,,,,,,0.0,,,,,,,,
2010,annual,11011,20110330000920,[첨부추가]사업보고서 (2010.12),https://dart.fss.or.kr/dsaf001/main.do?rcpNo=20110330000920,DART original report heuristic,,,,,,,,,,,,,,,,,,,,,,,,,FY,4,FY,,,,,,,,0.0,,,,,,,,
2011,q1,11013,20110516003608,분기보고서 (2011.03),https://dart.fss.or.kr/dsaf001/main.do?rcpNo=20110516003608,DART original report heuristic,,,,,,,,,,,,,,,,,,,,,,,,,Q1,1,Q1,,,,,,,,0.0,,,,,,,,
2011,half_year,11012,20110812000644,반기보고서 (2011.06),https://dart.fss.or.kr/dsaf001/main.do?rcpNo=20110812000644,DART original report heuristic,,,,,,,,,,,,,,,,,,,,,,,,,H1,2,H1,,,,,,,,0.0,,,,,,,,
2011,q3,11014,20111114000223,분기보고서 (2011.09),https://dart.fss.or.kr/dsaf001/main.do?rcpNo=20111114000223,DART original report heuristic,,,,,,,,,,,,,,,,,,,,,,,,,Q3,3,Q3,,,,,,,,0.0,,,,,,,,
2011,annual,11011,20120330002618,사업보고서 (2011.12),https://dart.fss.or.kr/dsaf001/main.do?rcpNo=20120330002618,DART original report heuristic,,,,,,,,,,,,,,,,,,,,,,,,,FY,4,FY,,,,,,,,0.0,,,,,,,,
2012,q1,11013,20120515000402,분기보고서 (2012.03),https://dart.fss.or.kr/dsaf001/main.do?rcpNo=20120515000402,DART original report heuristic,,,,,,,,,,,,,,,,,,,,,,,,,Q1,1,Q1,,,,,,,,0.0,,,,,,,,
2012,half_year,11012,20120814000155,반기보고서 (2012.06),https://dart.fss.or.kr/dsaf001/main.do?rcpNo=20120814000155,DART original report heuristic,,,,,,,,,,,,,,,,,,,,,,,,,H1,2,H1,,,,,,,,0.0,,,,,,,,
2012,q3,11014,20121114000794,분기보고서 (2012.09),https://dart.fss.or.kr/dsaf001/main.do?rcpNo=20121114000794,DART original report heuristic,,,,,,,,,,,,,,,,,,,,,,,,,Q3,3,Q3,,,,,,,,0.0,,,,,,,,
2012,annual,11011,20130329002008,사업보고서 (2012.12),https://dart.fss.or.kr/dsaf001/main.do?rcpNo=20130329002008,DART original report heuristic,,,,,,,,,,,,,,,,,,,,,,,,,FY,4,FY,,,,,,,,0.0,,,,,,,,
2013,q1,11013,20130530000047,분기보고서 (2013.03),https://dart.fss.or.kr/dsaf001/main.do?rcpNo=20130530000047,DART original report heuristic,,,,,,,,,,,,,,,,,,,,,,,,,Q1,1,Q1,,,,,,,,0.0,,,,,,,,
2013,half_year,11012,20130829000062,반기보고서 (2013.06),https://dart.fss.or.kr/dsaf001/main.do?rcpNo=20130829000062,DART original report heuristic,,,,,,,,,,,,,,,,,,,,,,,,,H1,2,H1,,,,,,,,0.0,,,,,,,,
2013,q3,11014,20131128000536,분기보고서 (2013.09),https://dart.fss.or.kr/dsaf001/main.do?rcpNo=20131128000536,DART original report heuristic,,,,,,,,,,,,,,,,,,,,,,,,,Q3,3,Q3,,,,,,,,0.0,,,,,,,,
2013,annual,11011,20140331002387,사업보고서 (2013.12),https://dart.fss.or.kr/dsaf001/main.do?rcpNo=20140331002387,DART original report heuristic,,,,,,,,,,,,,,,,,,,,,,,,,FY,4,FY,,,,,,,,0.0,,,,,,,,
2014,q1,11013,20140530000195,분기보고서 (2014.03),https://dart.fss.or.kr/dsaf001/main.do?rcpNo=20140530000195,DART original report heuristic,,,,,,,,,,,,,,,,,,,,,,,,,Q1,1,Q1,,,,,,,,0.0,,,,,,,,
2014,half_year,11012,20140829000680,반기보고서 (2014.06),https://dart.fss.or.kr/dsaf001/main.do?rcpNo=20140829000680,DART original report heuristic,,,,,,,,,,,,,,,,,,,,,,,,,H1,2,H1,,,,,,,,0.0,,,,,,,,
2014,q3,11014,20141128001790,분기보고서 (2014.09),https://dart.fss.or.kr/dsaf001/main.do?rcpNo=20141128001790,DART original report heuristic,,,,,,,,,,,,,,,,,,,,,,,,,Q3,3,Q3,,,,,,,,0.0,,,,,,,,
2014,annual,11011,20150331002760,사업보고서 (2014.12),https://dart.fss.or.kr/dsaf001/main.do?rcpNo=20150331002760,DART original report heuristic,,,,,,,,,,,,,,,,,,,,,,,,,FY,4,FY,,,,,,,,0.0,,,,,,,,
2015,annual,11011,,,,OpenDART XBRL API,1128731291653.0,340668824163.0,215815901195.0,85837373726.0,168349183843.0,126046994757.0,,1880328618143.0,221805288143.0,214159391257.0,242348899669.0,307828551099.0,516388705748.0,1363939912395.0,959383641681.0,356631230430.0,63100000000.0,86000000000.0,3131187473.0,126234690907.0,-117792543120.0,57387807290.0,81261626172.0,-2013445093.0,FY,4,FY,0.30181569934514585,0.07604766020112122,0.11167139219858713,2.690127952406874,0.37860077343235093,0.7253731604329982,0.2746268395670019,149100000000.0,-72705288143.0,27.413680741306415,46986509828.0,1.0014890965894256,,0.06703455637530166,0.0924138912656854,0.600284057138761
2016,q1,11013,,,,OpenDART XBRL API,276477838852.0,83046434778.0,51390195293.0,19906837518.0,65755329350.0,51271849285.0,,1923240019455.0,230325388000.0,202983783700.0,267354645488.0,327424005341.0,527998678651.0,1395241340804.0,988320313779.0,305951971826.0,66100000000.0,138400000000.0,1220137544.0,-28763903084.0,6293488973.0,32452701100.0,32110627376.0,-1176108445.0,Q1,1,Q1,0.3003728440689063,0.0720015665655439,0.18544650630188875,3.2303119600127115,0.3784282067980753,0.7254639705341499,0.2745360294658501,204500000000.0,-25825388000.0,16.31524053652102,-59698422015.0,-0.5610077164198389,,0.026659100666764,0.03674765632693688,0.14375628421581368
2016,half_year,11012,,,,OpenDART XBRL API,332742589721.0,100642164855.0,63901015627.0,24624138723.0,45053631681.0,34077758683.0,,2033773820839.0,273598873865.0,220893274507.0,276803668944.0,336526571175.0,600143451593.0,1433630369246.0,1049303192303.0,368278611132.0,56100000000.0,138400000000.0,2625756977.0,51849145462.0,-22048245541.0,22354490600.0,29829714682.0,-1685003316.0,H1,2,H1,0.3024625279841304,0.07400356757350177,0.10241477867793757,2.8492102462255247,0.41861798164099856,0.7049114088087629,0.29508859119123715,194500000000.0,-79098873865.0,9.377919944112177,23704434096.0,1.521495176496611,,0.016755923561323934,0.023770254463096212,0.16360845356133677
2016,q3,11014,,,,OpenDART XBRL API,29078372845.0,614913510.0,-1717011388.0,613105346.0,-14973121176.0,-10001033453.0,,2039382743929.0,277867876477.0,257048740726.0,281541568104.0,335566013552.0,581414148207.0,1457968595722.0,1022262579259.0,353382338194.0,51100000000.0,145500000000.0,3982887344.0,-4974087318.0,11752912703.0,2100000000.0,64142816201.0,3089993647.0,Q3,3,Q3,0.021146764754608124,0.02108458232061712,-0.3439337375000221,2.8927947686446,0.3987837254608891,0.7149068021008804,0.28509319789911963,196600000000.0,-81267876477.0,0.15393489522710438,-72206897166.0,0.4973573322572907,,-0.004903951199338078,-0.006859567128088512,0.014258418598256193
2016,annual,11011,,,,OpenDART XBRL API,1320797335286.0,389441480458.0,238981918807.0,97793027286.0,204892402117.0,161248743738.0,,2045941041016.0,244854557115.0,235586779277.0,310649129347.0,333946657459.0,549388685975.0,1496552355041.0,1048340402939.0,324433493084.0,51100000000.0,140250000000.0,5330001404.0,74144086537.0,-77140923699.0,23295432700.0,80076251469.0,4548899829.0,FY,4,FY,0.2948533208341702,0.07404090292537144,0.1220843951075082,3.2312952432058895,0.3671028842555587,0.7314738426175872,0.26852615738241287,191350000000.0,-53504557115.0,18.34765507052388,-10481064761.0,0.45981187089104214,0.1701609985063175,0.0788139738659942,0.1077468109918429,0.6455695979538596
2017,q1,11013,,,,OpenDART XBRL API,351198923241.0,109312751388.0,57279837522.0,35515797502.0,39173971753.0,29542609608.0,,2059332581812.0,294863484785.0,235219595944.0,306600029673.0,330168562224.0,557292845065.0,1502039736747.0,1082821928494.0,331216716510.0,46100000000.0,140250000000.0,1316174156.0,39316279083.0,21815606426.0,-7034580200.0,6861020260.0,1976003720.0,Q1,1,Q1,0.3112559411606946,0.10112729610400406,0.0841193057637231,3.269224874588441,0.37102403580343435,0.7293818152604375,0.2706181847395625,186350000000.0,-108513484785.0,26.984117063912322,30479255103.0,1.3308329766627434,0.27026066428781137,0.014345720486782933,0.019668327598297147,0.17054016740315991
2017,half_year,11012,,,,OpenDART XBRL API,355059623054.0,109664028188.0,73630879454.0,20742346251.0,43165365564.0,32361377158.0,,2050952120992.0,263514351820.0,242726274519.0,303734858656.0,335748155017.0,515068348918.0,1535883772074.0,1055759134202.0,278888013492.0,4020000000.0,140861111105.0,2388570909.0,112789822560.0,-20330288244.0,-72904275155.0,22363530285.0,2049658569.0,H1,2,H1,0.30886088157458985,0.05841933270977803,0.09114350113833769,3.7856024035693627,0.3353563324798145,0.7488637868987049,0.2511362131012951,144881111105.0,-118633240715.0,8.683998525161641,88376633706.0,3.485322086551481,0.06706996345647398,0.015778709228154737,0.021070199286174113,0.1731194109408393
2017,q3,11014,,,,OpenDART XBRL API,23674588701.0,-4091259141.0,-6795315963.0,1230614804.0,-6001923470.0,-5899713731.0,,2066701112063.0,241389770128.0,266352994670.0,314840891699.0,343473544258.0,506054082582.0,1560647029481.0,1087384522451.0,284517961220.0,1990000000.0,140861111105.0,3606358619.0,-23824433670.0,4265061757.0,-3773055555.0,37166237164.0,2225390637.0,Q3,3,Q3,-0.17281225843755366,0.05198040901753954,-0.24920026301241718,3.821848426680498,0.32425915214812573,0.7551392024573634,0.2448607975426365,142851111105.0,-98538659023.0,0.3412347284367506,-63216061471.0,4.03823554095764,-0.18583516253830468,-0.002854652613560967,-0.0037802998497116773,0.011455255219448644
2017,annual,11011,,,,OpenDART XBRL API,1462248030140.0,424624118929.0,264479687896.0,88709620146.0,144920491811.0,109636658758.0,,2094673423815.0,256607486669.0,283714873637.0,271183981240.0,355412428909.0,488348428333.0,1606324995482.0,1069512906257.0,276313677284.0,3186140739.0,115338888885.0,4615616080.0,126125107517.0,-42241166896.0,-68172689631.0,56772073882.0,3138458472.0,FY,4,FY,0.29039130857187423,0.06066660259922298,0.07497815452519574,3.870647724606611,0.30401595549253363,0.7668617824712849,0.23313821752871514,118525029624.0,-138082457045.0,19.219453829877462,66214575163.0,1.150391748031968,0.10709492749193861,0.05234069307010172,0.06825309888495013,0.6980792392337836
2018,q1,11013,,,,OpenDART XBRL API,339821145471.0,101816409304.0,60937988903.0,25663951418.0,32380695761.0,21161852883.0,,2143300952982.0,231753424598.0,265163936371.0,333115240674.0,343228528155.0,542433036243.0,1600867916739.0,1152175664170.0,321772820078.0,1330000000.0,115338888885.0,940928201.0,25350681251.0,-12704564995.0,-37446058624.0,11511893087.0,24029535.0,Q1,1,Q1,0.2996176390462109,0.07552193781946431,0.062273502296830825,3.580711583690333,0.338836846295194,0.7469169994590323,0.25308300054096766,116668888885.0,-115084535713.0,27.275143194480574,13814758629.0,1.1979424198419326,-0.03239696085910926,0.009873486433884734,0.013218987439080619,0.1585503636333492
2018,half_year,11012,,,,OpenDART XBRL API,386223106744.0,108985107797.0,74652781918.0,16610604056.0,27885106406.0,16552629242.0,,2164063290117.0,242443159584.0,281412966394.0,306851081726.0,339544502616.0,543108133168.0,1620955156949.0,1155839915950.0,318602757252.0,1300000000.0,115338888885.0,1841921185.0,94252199588.0,-69795828000.0,-39558061029.0,21857949572.0,1291100817.0,H1,2,H1,0.2821817387255355,0.04300779462946528,0.0428576875722031,3.627840279598661,0.33505438496537493,0.7490331564477317,0.2509668435522682,116638888885.0,-125804270699.0,9.018086219579477,71103149199.0,5.694092352944638,0.08776971997534178,0.00764886559353127,0.010211651550654706,0.1784712621427624
2018,q3,11014,,,,OpenDART XBRL API,-7616752493.0,-12485553386.0,-723021958.0,-16458820904.0,-12140611059.0,32057058425.0,,2150315728890.0,244599268886.0,307368103503.0,298188624930.0,342664579158.0,520136942243.0,1630178786647.0,1118217996654.0,304350234200.0,1300000000.0,117284388885.0,2787132124.0,-22838539554.0,31331942382.0,-5928722377.0,32516623532.0,2174707623.0,Q3,3,Q3,1.6392226736361144,2.16087117431295,-4.208756744355458,3.6741157751801725,0.31906742162485935,0.7581113623200364,0.24188863767996358,118584388885.0,-126014880001.0,-5.905289082736,-57529870709.0,-0.7124340371850572,-1.3217269194914576,0.014908070472770972,0.019664750079919704,-0.0035421554103274838
2018,annual,11011,,,,OpenDART XBRL API,1518822858428.0,413792023679.0,289598582754.0,50126443053.0,89391012820.0,58334962324.0,,2173812633315.0,241296082668.0,343186494375.0,248860494097.0,343307338273.0,522077129723.0,1651735503592.0,1110961782607.0,349712424558.0,1300000000.0,70212166665.0,3669086156.0,93451633128.0,-58150584583.0,-51378903961.0,46001314577.0,2594295782.0,FY,4,FY,0.27244258366461493,0.033003482120937705,0.03840800920284897,3.176786709854932,0.3160779244543985,0.7598334273516261,0.24016657264837393,71512166665.0,-169783916003.0,13.66183319817361,44856022769.0,1.6019832602095023,0.03869030911437332,0.026835322157016315,0.03531737508647116,0.698690786478612
2019,q1,11013,,,,OpenDART XBRL API,344952534874.0,103262558799.0,74873002996.0,6089798210.0,23275196444.0,15658205382.0,,2243471368346.0,254385250231.0,336563274212.0,254295484816.0,338566296321.0,598384772784.0,1645086595562.0,1188730707321.0,416095795873.0,19300000000.0,70212166665.0,784666401.0,88626261567.0,-40719470419.0,-36090271392.0,10632338043.0,354087106.0,Q1,1,Q1,0.2993529496361535,0.017654017855599776,0.0453923476391308,2.856867863389377,0.3637405923787117,0.7332772857158595,0.26672271428414057,89512166665.0,-164873083566.0,7.761002895292824,77639836418.0,5.660052311542735,0.015100265158272563,0.006979454074131562,0.009518164833536189,0.15375838521546026
2019,half_year,11012,,,,OpenDART XBRL API,359398622867.0,98933766236.0,81127633954.0,-5415387369.0,10684294658.0,5690447409.0,,2103742340052.0,202297164571.0,342512023904.0,254062382161.0,334348500817.0,461857477329.0,1641884862723.0,1056857279587.0,267854165059.0,19000000000.0,70162366665.0,1528655967.0,2132666599.0,513804529.0,-43380194033.0,19715280388.0,825570334.0,H1,2,H1,0.27527586345986554,-0.01506791352120465,0.01583324767247598,3.945644374632767,0.28129711639038313,0.7804591044559269,0.21954089554407308,89162366665.0,-113134797906.0,-3.542580859202573,-18408184123.0,0.37478012636176533,-0.06945333774340967,0.002704916519795549,0.0034658017368907473,0.17083775708869198
2019,q3,11014,,,,OpenDART XBRL API,22859525066.0,6174865854.0,23881469.0,8760433844.0,7615497167.0,6867507594.0,,2134519728715.0,262624954350.0,361493377515.0,223340579759.0,336992119413.0,485989793465.0,1648529935250.0,1126063411848.0,314730455603.0,19000000000.0,70154866665.0,2229191641.0,47243621052.0,20536623136.0,-9289100405.0,33991072407.0,1259181770.0,Q3,3,Q3,0.2701222285315173,0.3832290399169223,0.3004221467494245,3.577866049507496,0.2948019220477786,0.7723189029704728,0.2276810970295272,89154866665.0,-173470087685.0,3.929870219713425,11993366875.0,6.8792965141059,-4.001216737317973,0.0032173549401364873,0.004165837360398639,0.010709446606877528
2019,annual,11011,,,,OpenDART XBRL API,1480353606936.0,430851173630.0,321415785699.0,12535759291.0,54919633069.0,36612325771.0,,2117200258200.0,274215080262.0,397149391682.0,186909878134.0,327499212721.0,467208886676.0,1649991371524.0,1116950744221.0,352226653761.0,15000000000.0,44250000000.0,2892232101.0,65985413049.0,31604784191.0,-67011508111.0,42763093594.0,3971865642.0,FY,4,FY,0.29104612006976177,0.008468084403797422,0.024732148859203513,3.171113634628276,0.2831583817583644,0.7793270216804095,0.22067297831959048,59250000000.0,-214965080262.0,4.334285373108789,19250453813.0,1.8022731869513169,-0.0253283332407942,0.017292802430567925,0.022189404382874648,0.6992033942951462
2020,q1,11013,,,,OpenDART XBRL API,313276059812.0,91366405464.0,68628380662.0,1073681544.0,157661075025.0,115356769040.0,,2252413690729.0,494522755107.0,351832798341.0,227857268920.0,322032233286.0,518664129729.0,1733749561000.0,1253369445381.0,398992076504.0,17500000000.0,44438000000.0,561155290.0,35635548412.0,189180299233.0,-7244779381.0,8219282618.0,1377250350.0,Q1,1,Q1,0.2916482208019019,0.0034272696887349984,0.3682272086453932,3.1413391873921954,0.29915746852725517,0.7697296318772007,0.23027036812279936,61938000000.0,-432584755107.0,1.9133412143365875,26039015444.0,0.3089159718026028,-0.09182850351736183,0.051214734449009876,0.06653600475807128,0.13908460115539759
2020,half_year,11012,,,,OpenDART XBRL API,415486495797.0,153558732142.0,81586927765.0,35657001526.0,47669529008.0,149658816933.0,,2383038537950.0,548287565036.0,377862490365.0,254125259468.0,316062566742.0,586457991856.0,1796580546094.0,1331558990917.0,462118149732.0,32500000000.0,45025857000.0,1089977411.0,72734080454.0,220038286202.0,-17622090374.0,15619767795.0,2938608982.0,H1,2,H1,0.3695877813006619,0.08581988075834222,0.36020139871434204,2.8814254356580067,0.3264301136573231,0.7539032699150143,0.24609673008498567,77525857000.0,-470761708036.0,32.71352338695393,54175703677.0,0.4859993012410485,0.15606034459056906,0.06280167716538207,0.08330203578034825,0.17435156384605544
2020,q3,11014,,,,OpenDART XBRL API,14194389285.0,-17266323908.0,-939978908.0,-15285735490.0,-14184122600.0,28809240440.0,,2395277094944.0,438010727730.0,413800106473.0,251846709479.0,331100876088.0,537865296356.0,1857411798588.0,1249314831206.0,372046586041.0,36000000000.0,67250000000.0,1686800853.0,-48770820215.0,-76453484613.0,19010492442.0,43426347348.0,4224065379.0,Q3,3,Q3,-1.2164189357724804,-1.076885745704698,2.029621694992142,3.3579526814105045,0.28957783985483665,0.7754475682620031,0.22455243173799685,103250000000.0,-334760727730.0,-9.061968081658303,-96421232942.0,-1.6928880966706945,-0.37906018414564724,0.012027518862352558,0.015510421793325915,0.005925990489769141
2020,annual,11011,,,,OpenDART XBRL API,1619865302675.0,558422517544.0,331533797570.0,84255098219.0,239891953125.0,190401937316.0,,2393522100926.0,353490296919.0,442703668871.0,251985113922.0,325882777381.0,547019907073.0,1846502193853.0,1195516580490.0,382174655875.0,48500000000.0,46774999974.0,2363346585.0,28830248876.0,57594896794.0,11687628908.0,51452945318.0,39723768630.0,FY,4,FY,0.3447339211611217,0.05201364464061518,0.11754183326328158,3.128194300987411,0.2962465513954045,0.7714581758566715,0.22854182414332846,95274999974.0,-258215296945.0,35.650758443032174,-62346465072.0,0.15141783367546288,0.09424214261061437,0.079548852814995,0.1031149261288979,0.676770564202566
2021,q1,11013,,,,OpenDART XBRL API,379033991821.0,114973959737.0,80985912930.0,13900978641.0,26700198911.0,20114280650.0,,2512009105726.0,482195215379.0,400683549039.0,270092186470.0,322376068285.0,650624662995.0,1861384442731.0,1280405653130.0,473209767868.0,58000000000.0,48774999974.0,705025003.0,132433682555.0,-17297509906.0,4560911834.0,9044232065.0,9009695391.0,Q1,1,Q1,0.3033341658478399,0.03667475461558282,0.05306722110427244,2.705788722195532,0.34953803634482494,0.740994305509509,0.25900569449049105,106774999974.0,-375420215405.0,19.717000931667666,114379755099.0,6.58406258018479,0.20990410837158113,0.008007248303419959,0.010806086151922802,0.15088878099884703
2021,half_year,11012,,,,OpenDART XBRL API,433338112038.0,141146896840.0,93693768018.0,23427315378.0,43390431418.0,33220936937.0,,2456426677144.0,180775513577.0,425586898341.0,272999013616.0,326380279869.0,567226071819.0,1889200605325.0,1213528458499.0,384883207094.0,61500000000.0,50174999974.0,1400619772.0,60121659376.0,-220109122631.0,-18708597864.0,21039764205.0,16498695220.0,H1,2,H1,0.3257200161236283,0.054062439299005456,0.07666285520274481,3.152978451986917,0.30024660706765965,0.7690848755646582,0.23091512443534182,111674999974.0,-69100513603.0,16.726392020403377,22583199951.0,1.8097520696064167,0.0429655751067346,0.013524090601240662,0.017584652917938797,0.17640995193140746
2021,q3,11014,,,,OpenDART XBRL API,18129323088.0,-8390141932.0,5013105842.0,-16911575620.0,-6986774348.0,,,2458062644746.0,198006890680.0,454014069253.0,260016695125.0,340997523552.0,547750039272.0,1910312605474.0,1206172164809.0,386008075280.0,64000000000.0,47174999974.0,2051146364.0,-1432977391.0,33712067057.0,-13472307486.0,34190398111.0,26657953093.0,Q3,3,Q3,-0.46279399905192975,-0.9328299538769851,,3.1247329837182156,0.28673319628547833,0.7771618878620561,0.22283811213794386,111174999974.0,-86831890706.0,-8.244938497231493,-62281328595.0,,0.27721754870836635,,,0.007375452015737119
2021,annual,11011,,,,OpenDART XBRL API,1687810317744.0,524650529278.0,369377397565.0,48596120264.0,126060737101.0,99126677873.0,,2463811804950.0,253587520811.0,461094533519.0,274780428440.0,331181630724.0,527922717347.0,1935889087603.0,1224097103095.0,431979507891.0,69000000000.0,28124999982.0,2679688692.0,99000468381.0,-167143273861.0,-36533134783.0,46150996270.0,35723838021.0,FY,4,FY,0.3108468551011529,0.02879240620412587,0.05873093488698244,2.8336925264609367,0.27270297700818646,0.7857292848884156,0.2142707151115844,97124999982.0,-156462520829.0,18.134987250227944,17125634090.0,0.9987267858188318,0.04194485489429112,0.0402330558177562,0.05120472991339485,0.6850402755409527
2022,q1,11013,,,,OpenDART XBRL API,410853261385.0,115832359949.0,88213342579.0,6101960508.0,28318027217.0,16069140855.0,,2481095013069.0,206134578744.0,469193870974.0,281583747203.0,330865963853.0,569490665921.0,1911604347148.0,1353238514152.0,478428045112.0,69000000000.0,27624999982.0,702400289.0,35415734987.0,-51877419543.0,-32038435178.0,7421015755.0,7886736082.0,Q1,1,Q1,0.281931216898523,0.014851921796677695,0.03911163027118342,2.828510008929779,0.2979124141303854,0.7704680139530141,0.2295319860469859,96624999982.0,-109509578762.0,8.687297832247902,20107983150.0,2.203959459100777,0.08394832719654,0.0064766326038933975,0.008406101858354843,0.16559352190095836
2022,half_year,11012,,,,OpenDART XBRL API,482953244262.0,145439557709.0,99718066556.0,16936587207.0,43427779694.0,,,2458381747840.0,194548849572.0,496384301421.0,279523005470.0,337878025891.0,523248858415.0,1935132889425.0,1317015943204.0,440446278235.0,69000000000.0,17624999982.0,1437377980.0,107147932133.0,-125378577787.0,-37345640606.0,21093301895.0,15934720928.0,H1,2,H1,0.3011462484970899,0.03506879270037987,,2.990185201431777,0.27039427693799195,0.787157198480366,0.21284280151963397,86624999982.0,-107923849590.0,11.78297388902535,70119909310.0,,0.1144951963506251,,,0.1964516880611954
2022,q3,11014,,,,OpenDART XBRL API,-51415078384.0,-24679891756.0,-5493727959.0,-21474132280.0,-21645026324.0,,,2417266761360.0,213745004160.0,483357095860.0,274992511932.0,349286411217.0,478855975398.0,1938410785962.0,1238131620961.0,419816941884.0,69120000000.0,1124999982.0,2222376611.0,-35455266432.0,67249436978.0,-16916271876.0,42314486579.0,27152555799.0,Q3,3,Q3,0.4800127225650638,0.4176621519395095,,2.9492178552982486,0.24703534403846808,0.8019018905763687,0.19809810942363124,70244999982.0,-143500004178.0,-9.66268821121966,-104922308810.0,,-3.836017546514586,,,-0.02126992320660253
2022,annual,11011,,,,OpenDART XBRL API,1775846942745.0,518201541933.0,375069317559.0,36028967211.0,94926373488.0,90592526174.0,,2472728072149.0,293036245029.0,496683358416.0,275215897889.0,354992804093.0,464921702703.0,2007806369446.0,1188897717371.0,434154259039.0,64120000000.0,624999990.0,3271639001.0,99528971405.0,15621384581.0,-65541959310.0,58295289340.0,36083021141.0,FY,4,FY,0.2918052955239456,0.020288329103018605,0.051013701684204486,2.7384223294333765,0.23155704144482947,0.8119802545457635,0.18801974545423653,64744999990.0,-228291245039.0,11.01251305537912,5150660924.0,1.0986443982568261,0.05216025999809837,0.03663667153471825,0.045120150803683604,0.7181731637808625
2023,q1,11013,,,,OpenDART XBRL API,443047818557.0,135564503002.0,86695087902.0,22630010546.0,35805762630.0,22278211541.0,,2489870074297.0,322717244089.0,489009395835.0,276712679462.0,378670613497.0,494289258154.0,1995580816143.0,1204330991598.0,445654219357.0,64000000000.0,16624999990.0,987615877.0,42791269078.0,-21184276243.0,4500614700.0,33678437555.0,5310374150.0,Q1,1,Q1,0.30598165101801317,0.05107803175672008,0.05028398878829783,2.7023888460781005,0.24769192716000737,0.8014798991896959,0.1985201008103042,80624999990.0,-242092244099.0,22.913777586019915,3802457373.0,1.920767697139805,0.07836023271050863,0.008947539781685243,0.011163773153551692,0.17794013556393778
2023,half_year,11012,,,,OpenDART XBRL API,495722476266.0,152819651049.0,94440352875.0,27296041160.0,13743785043.0,,,2505723795923.0,252523236146.0,541152567651.0,263903029091.0,401188431856.0,521821538976.0,1983902256947.0,1162655701594.0,430843949245.0,69000000000.0,28000000000.0,2125711708.0,56590705040.0,-84331588769.0,-12078544106.0,64464886015.0,14626613033.0,H1,2,H1,0.30827662324311966,0.05506315018355795,,2.698554090480807,0.26302784683506736,0.7917481807751346,0.20825181922486535,97000000000.0,-155523236146.0,12.840895149268285,-22500794008.0,,0.026439892796481068,,,0.1978360412558549
2023,q3,11014,,,,OpenDART XBRL API,-12659032586.0,-8325737348.0,14866484521.0,-26412785845.0,5569510051.0,,,2667618379379.0,273030971146.0,562423927503.0,279427155871.0,478307535901.0,635532630895.0,2032085748484.0,1231993801308.0,529955722758.0,126180000000.0,33062860000.0,4320802376.0,28874196888.0,-59397855675.0,48150049867.0,121465098247.0,18883822170.0,Q3,3,Q3,0.6576914382231451,2.086477435425096,,2.3247108171536435,0.3127489237937559,0.7617602893248371,0.23823971067516295,159242860000.0,-113788111146.0,-6.112935410263254,-111474723529.0,,-0.753787546690984,,,-0.0047454436076223615
2023,annual,11011,,,,OpenDART XBRL API,1858983759666.0,565863818159.0,389183992435.0,56759795062.0,134539950501.0,134031517424.0,,2814070521926.0,299257957184.0,558981117083.0,284758946262.0,522912726118.0,712337878463.0,2101732643463.0,1256459307871.0,583192369256.0,128227000000.0,60233761713.0,6120445732.0,144128102312.0,-199229339280.0,63246788249.0,161479680076.0,42575536652.0,FY,4,FY,0.30439416978051903,0.030532700873189943,0.07209934822027772,2.15445087094317,0.3389288740785266,0.7468656620675365,0.2531343379324635,188460761713.0,-110797195471.0,9.273800887611563,-59927114416.0,1.0753299304674744,0.046815305373385296,0.047629054204464796,0.06377191591940917,0.6606031175059814
2024,q1,11013,,,,OpenDART XBRL API,540835042776.0,134507934394.0,96636081736.0,577136746.0,14940561757.0,,,2801252649023.0,261790170013.0,540835042776.0,301103589175.0,532132871415.0,712583970874.0,2088668678149.0,1244630361254.0,562112382439.0,131227000000.0,78650761713.0,2705547876.0,8677351495.0,-44414198111.0,-2853121463.0,23269050488.0,2501221146.0,Q1,1,Q1,0.24870417734693595,0.0010671215811713503,,2.214201999702553,0.3411665901484669,0.7456195280627295,0.25438047193727054,209877761713.0,-51912408300.0,0.2133160352177039,-17092920139.0,,0.2207148305965967,,,0.19306899824427776
2024,half_year,11012,,,,OpenDART XBRL API,528312352203.0,167389934556.0,101820212486.0,18542379417.0,39165580005.0,,,2885723676081.0,279055335976.0,607354705410.0,305357077987.0,543077425491.0,770578105499.0,2115145570582.0,1320919748361.0,648644135182.0,146227000000.0,81850761713.0,5672660990.0,12879543262.0,-48241353841.0,14700154057.0,45782555243.0,4959384020.0,H1,2,H1,0.31683895683681024,0.035097380062533975,,2.0364321154162126,0.36431445486135927,0.7329688521856343,0.2670311478143656,228077761713.0,-50977574263.0,3.2687268725713152,-37862396001.0,,0.06574217933889392,,,0.1830779421404902
2024,q3,11014,,,,OpenDART XBRL API,70472551914.0,73409991836.0,6316071429.0,29035595006.0,10614820734.0,,,2925744394072.0,229854709595.0,667946677617.0,290009951540.0,586674664682.0,751180103283.0,2174564290789.0,1309597402477.0,570483534570.0,131660833786.0,111082161713.0,12089471263.0,-11812678353.0,-50047076228.0,13595778866.0,81691066696.0,7925365736.0,Q3,3,Q3,1.0416820427559463,0.41201282226068814,,2.2955919375729303,0.3454393629403564,0.7432516303184228,0.2567483696815772,242742995499.0,12888285904.0,2.4017257971292634,-101429110785.0,,-6.566977684529992,,,0.024087050139030612
2024,annual,11011,,,,OpenDART XBRL API,2067791451854.0,689386389746.0,409747875337.0,54880319609.0,61431869918.0,55163455235.0,,2942048836634.0,306475668968.0,609128137239.0,343155941089.0,598147315144.0,791378826075.0,2150670010559.0,1360261256866.0,619136487792.0,168002600000.0,105245970000.0,14580186316.0,54601585042.0,-117369101419.0,65836367691.0,117078952653.0,16836782711.0,FY,4,FY,0.3333926103272601,0.026540548641785816,0.026677475228722877,2.1970297078064993,0.36796850385676116,0.7310109824755945,0.26898901752440557,273248570000.0,-33227098968.0,3.764034177586294,-79314150322.0,0.9898144488845668,0.11232356985491698,0.018750013442371184,0.02564942783605467,0.702840627968556
2025,q1,11013,,,,OpenDART XBRL API,491563987277.0,148664977210.0,94606991293.0,6419671960.0,14996945604.0,,,2990618974058.0,335404799991.0,590060553975.0,388169610977.0,621106200151.0,868501166171.0,2122117807887.0,1426426214740.0,693398941314.0,227975900000.0,105245970000.0,3424019394.0,4917666364.0,-35206907366.0,58788538257.0,20454597153.0,8734359685.0,Q1,1,Q1,0.3024326050277279,0.013059687296381349,,2.0571508402318925,0.4092615230611394,0.7095915013899206,0.2904084986100795,333221870000.0,-2182929991.0,1.8748935742739545,-24271290474.0,,-0.09110181774853443,,,0.1643686445986772
2025,half_year,11012,,,,OpenDART XBRL API,578987017426.0,199229614058.0,101265957917.0,49861015710.0,51586299165.0,,,3038979185660.0,332449564852.0,648276082829.0,377823173459.0,631917407863.0,824342028929.0,2214637156731.0,1454880948966.0,645242085304.0,197899200000.0,119445970000.0,7447083389.0,21674503575.0,-31639717907.0,37101624007.0,42417208336.0,13562923703.0,H1,2,H1,0.3441003132396892,0.08611767485161739,,2.254783099401438,0.3722244189859984,0.7287437726395711,0.27125622736042887,317345170000.0,-15104394852.0,6.695374968359979,-34305628464.0,,0.09591800193899047,,,0.19052023131914167
2025,q3,11014,,,,OpenDART XBRL API,-8973439409.0,-30351940861.0,-338684974.0,-27847196969.0,-16404121037.0,,,3052991689275.0,356851346065.0,656483871118.0,337718190526.0,643257887484.0,836226252416.0,2216765436859.0,1456142177758.0,678953303428.0,197872500000.0,103445970000.0,11415987721.0,76855681671.0,-27536281891.0,-26379335056.0,67218682423.0,17576016399.0,Q3,3,Q3,3.3824199927798277,3.1032913579458037,,2.144686785388647,0.37722811737847806,0.7260961255303711,0.27390387446962894,301318470000.0,-55532876065.0,-2.439315602781735,-7939017151.0,,-1.1273324034008387,,,-0.0029392282463536414
2025,annual,11011,,,,OpenDART XBRL API,2186637586358.0,729917895501.0,405829356345.0,104374493823.0,222674522488.0,185318996567.0,,3220925833989.0,348564938250.0,694441735093.0,372764189868.0,638692432969.0,858641498243.0,2362284335746.0,1511630227301.0,733553439318.0,199841800000.0,71116500000.0,15246365320.0,106227395422.0,-70953767257.0,8043658039.0,99601135225.0,34875885668.0,FY,4,FY,0.33380835491661426,0.04773287282454662,0.08475066820545325,2.060695439866514,0.3634793175614249,0.7334177989501846,0.2665822010498154,270958300000.0,-77606638250.0,6.845860743352567,-28249625471.0,0.5732137416554308,0.05747491334169186,0.05753594032231693,0.07844906464592756,0.6788847986760156
2026,q1,11013,,,,OpenDART XBRL API,526779877219.0,149371554609.0,93318386214.0,8815193577.0,28760313613.0,,,3276953837886.0,388913498668.0,639913399749.0,437746328201.0,648855613734.0,936708861300.0,2340244976586.0,1601281650018.0,788488830436.0,200815100000.0,91116500000.0,3843869816.0,37151310749.0,-17823416598.0,17499212810.0,21340934326.0,3508839990.0,Q1,1,Q1,0.2835559235815328,0.016734112213126984,,2.030823504668495,0.40026102851270345,0.7141525612993433,0.28584743870065665,291931600000.0,-96981898668.0,2.2933122085214763,12301536433.0,,0.07164050022679058,,,0.1607529136140751
2026,half_year,11012,,,,OpenDART XBRL API,639451698310.0,227964341019.0,100979836236.0,66869135267.0,88374053230.0,,,3330275529266.0,427947466526.0,680950673651.0,419982315863.0,702641138478.0,859282491141.0,2470993038125.0,1616323867814.0,712800925107.0,201868400000.0,88916500000.0,7718864586.0,81110007587.0,-35099712097.0,32320558319.0,81528031989.0,6462691910.0,H1,2,H1,0.35649970376415374,0.10457261344950325,,2.267567017497025,0.3477478397887463,0.7419785589541332,0.2580214410458668,290784900000.0,-137162566526.0,8.663079203161967,-6880716312.0,,0.10443184227654623,,,0.19201164969402293
