year,kind,source_method
2015,annual,OpenDART XBRL API
2016,q1,OpenDART XBRL API
2016,half_year,OpenDART XBRL API
2016,q3,OpenDART XBRL API
2016,annual,OpenDART XBRL API
2017,q1,OpenDART XBRL API
2017,half_year,OpenDART XBRL API
2017,q3,OpenDART XBRL API
2017,annual,OpenDART XBRL API
2018,q1,OpenDART XBRL API
2018,half_year,OpenDART XBRL API
2018,q3,OpenDART XBRL API
2018,annual,OpenDART XBRL API
2019,q1,OpenDART XBRL API
2019,half_year,OpenDART XBRL API
2019,q3,OpenDART XBRL API
2019,annual,OpenDART XBRL API
2020,q1,OpenDART XBRL API
2020,half_year,OpenDART XBRL API
2020,q3,OpenDART XBRL API
2020,annual,OpenDART XBRL API
2021,q1,OpenDART XBRL API
2021,half_year,OpenDART XBRL API
2021,q3,OpenDART XBRL API
2021,annual,OpenDART XBRL API
2022,q1,OpenDART XBRL API
2022,half_year,OpenDART XBRL API
2022,q3,OpenDART XBRL API
2022,annual,OpenDART XBRL API
2023,q1,OpenDART XBRL API
2023,half_year,OpenDART XBRL API
2023,q3,OpenDART XBRL API
2023,annual,OpenDART XBRL API
2024,q1,OpenDART XBRL API
2024,half_year,OpenDART XBRL API
2024,q3,OpenDART XBRL API
2024,annual,OpenDART XBRL API
2025,q1,OpenDART XBRL API
2025,half_year,OpenDART XBRL API
2025,q3,OpenDART XBRL API
2025,annual,OpenDART XBRL API
2026,q1,OpenDART XBRL API
2026,half_year,OpenDART XBRL API
